{"cameraMode":{"drawMode":0,"name":"Shaded","section":"Shading Mode"},"sceneLighting":false,"audioPlay":false,"sceneViewState":{"showFog":true,"showMaterialUpdate":true,"showSkybox":true,"showFlares":true,"showImageEffects":true,"showParticleSystems":true},"in2DMode":false,"pivot":{"x":-0.000224381685256958,"y":0.3886491358280182,"z":0.02417481318116188},"rotation":{"x":-0.1297404021024704,"y":0.038061343133449557,"z":-0.004983402788639069,"w":-0.9908401370048523},"size":0.6147364377975464,"orthographic":true}